name,author,title,url,urlToImage,publishedAt
"Engadget","Karissa Bell","SEC approves bitcoin ETFs (for real this time)","https://www.engadget.com/sec-approves-bitcoin-etfs-for-real-this-time-224125584.html","https://s.yimg.com/ny/api/res/1.2/n6iLNJ_9dtK.fT6WAXK1sA--/YXBwaWQ9aGlnaGxhbmRlcjt3PTEyMDA7aD03OTU-/https://s.yimg.com/os/creatr-uploaded-images/2024-01/3edf5140-afdd-11ee-bf7c-7918e1b9d963","2024-01-10T22:41:25Z
Wired","Joel Khalili","Why Crypto Idealogues Won’t Touch Bitcoin ETFs","https://www.wired.com/story/bitcoin-etf-cryptocurrencies-split/","https://media.wired.com/photos/65a0305c4aaf02fdf493f220/191:100/w_1280","c_limit/Not-Everyone-Is-Jazzed-About-Bitcoin-ETFs-Business-1299911534.jpg","2024-01-11T18:18:13Z
The Verge","Elizabeth Lopatto","How to sue a hacker using Bitcoin","https://www.theverge.com/2024/1/10/24033166/bitcoin-crypto-ryan-dellone-lawsuit-hacker","https://cdn.vox-cdn.com/thumbor/PDBUffTgNFFVbpRuDkyP8ENjR-Y=/0x0:2040x1360/1200x628/filters:focal(1020x680:1021x681)/cdn.vox-cdn.com/uploads/chorus_asset/file/23951299/STK087_VRG_Illo_N_Barclay_1_bitcoin.jpg","2024-01-10T18:55:35Z
The Verge","Emma Roth","The SEC’s X account was hijacked to post a fake approval of Bitcoin ETFs","https://www.theverge.com/2024/1/9/24032095/bitcoin-etf-sec-fake-tweet-x-gary-gensler","https://cdn.vox-cdn.com/thumbor/jxKHGn1E5xyrAO8bukj3ikqy5Bw=/0x0:2040x1360/1200x628/filters:focal(1020x680:1021x681)/cdn.vox-cdn.com/uploads/chorus_asset/file/23951296/STK087_VRG_Illo_N_Barclay_4_bitcoin.jpg","2024-01-09T21:41:56Z
Wired","Andrew Couts"," Andy Greenberg","The SEC's Official X Account Was ‘Compromised'","https://www.wired.com/story/sec-x-account-compromise/","https://media.wired.com/photos/659dbf12156f76cbf3057921/191:100/w_1280","c_limit/Gary-Gensler-sec-GettyImages-1660268020.jpg","2024-01-09T22:05:13Z
Gizmodo.com","Maxwell Zeff","Bitcoin Price Plummets Due to Hacked SEC Tweet","https://gizmodo.com/bitcoin-price-plummets-hacked-sec-tweet-1851153717","https://i.kinja-img.com/image/upload/c_fill","h_675","pg_1","q_80","w_1200/69b49f586d534297bc1a445c106ca6a2.jpg","2024-01-09T22:30:00Z
Wired","Andy Greenberg","How a 27-Year-Old Codebreaker Busted the Myth of Bitcoin’s Anonymity","https://www.wired.com/story/27-year-old-codebreaker-busted-myth-bitcoins-anonymity/","https://media.wired.com/photos/65a72695e5015b60480cbdf6/191:100/w_1280","c_limit/Meiklejohn_Final_Static2.jpg","2024-01-17T11:00:00Z
Wired","Andy Greenberg","Child Abusers Are Getting Better at Using Crypto to Cover Their Tracks","https://www.wired.com/story/csam-sellers-monero-rise/","https://media.wired.com/photos/659f246783a7239c87585c11/191:100/w_1280","c_limit/CSAM-report-sec-GettyImages-885630762.jpg","2024-01-11T14:00:00Z
Business Insider","Dan DeFrancesco","Bitcoin is so back","https://www.businessinsider.com/news-today-january-11-bitcoin-etf-approval-2024-1","https://i.insider.com/659fd4dcdcdb354a98569fc9?width=1200&format=jpeg","2024-01-11T14:32:47Z
Slashdot.org","BeauHD","SEC Approves 11 Spot Bitcoin ETFs","https://slashdot.org/story/24/01/10/2132216/sec-approves-11-spot-bitcoin-etfs","https://a.fsdn.com/sd/topics/bitcoin_64.png","2024-01-10T21:33:00Z
Business Insider","Matthew Fox","SEC says Twitter account was compromised"," it's not approved a bitcoin ETF","https://markets.businessinsider.com/news/currencies/bitcoin-etfs-sec-approval-twitter-hack-gary-gensler-crypto-2024-1","https://i.insider.com/659dbb20dcdb354a9856111a?width=1200&format=jpeg","2024-01-09T22:03:18Z
ReadWrite","Maxwell William","Bitcoin soars above $45","000 in New Year rally"," eyes on SEC for ETF approvals","https://readwrite.com/bitcoin-soars-above-45000-in-new-year-rally-eyes-on-sec-for-etf-approvals/","https://readwrite.com/wp-content/uploads/2023/12/Bitcoin-gathers-momentum.jpg","2024-01-02T10:24:46Z
ReadWrite","Deanna Ritchie","Bitcoin ETF: BTC price falls as traders await big SEC decision","https://readwrite.com/bitcoin-etf-btc-price-falls-as-traders-await-big-sec-decision/","https://readwrite.com/wp-content/uploads/2024/01/Bitcoin-ETF-BTC-price-falls.jpg","2024-01-06T02:02:18Z
ReadWrite","James Jones","Bitcoin price: $400m liquidation leads to significant slump","https://readwrite.com/bitcoin-price-400m-liquidation-leads-to-significant-slump/","https://readwrite.com/wp-content/uploads/2024/01/yigit-ali-atasoy-z1jggXh29_Q-unsplash-scaled.jpg","2024-01-03T16:41:52Z
ReadWrite","Maxwell William","BlackRock and Fidelity set competitive fees for upcoming Bitcoin ETFs","https://readwrite.com/blackrock-and-fidelity-set-competitive-fees-for-upcoming-bitcoin-etfs/","https://readwrite.com/wp-content/uploads/2023/12/Bitcoin-gathers-momentum.jpg","2024-01-08T16:48:40Z
ReadWrite","Graeme Hanna","US SEC finally approves Bitcoin ETFs","https://readwrite.com/us-sec-finally-approves-bitcoin-etfs/","https://readwrite.com/wp-content/uploads/2023/12/UK-Finance-Ministry-to-discuss-crypto-banking.jpeg","2024-01-11T12:56:26Z
Business Insider","Joshua Zitser","A guy just signed a contract to rent an apartment using bitcoin"," likely a world first","https://www.businessinsider.com/argentina-crypto-first-ever-bitcoin-rental-contract-landlord-tenant-2024-1","https://i.insider.com/65a67a556979d737182373a3?width=1200&format=jpeg","2024-01-16T14:04:06Z
Business Insider","Theron Mohamed","Ark's Cathie Wood says bitcoin could hit $1.5 million by 2030. The US economy would have to crash"," 'Shark Tank' investor Kevin O'Leary says.","https://markets.businessinsider.com/news/currencies/bitcoin-price-forecast-cathie-wood-kevin-oleary-us-economy-crash-2024-1","https://i.insider.com/611b93d6a4b07b0018ade5b9?width=1200&format=jpeg","2024-01-12T11:46:31Z
NPR","David Gura","After a brutal stretch"," a remarkable thing is happening: Cryptocurrencies are surging","https://www.npr.org/2023/12/26/1220603847/crypto-cryptocurrency-bitcoin-ftx-binance-cz-bankman-fried","https://media.npr.org/assets/img/2023/12/25/gettyimages-1402675790_wide-eadf8676b64af620ebb4f8ae76eb29bc059f2598-s1400-c100.jpg","2023-12-26T10:00:50Z
Business Insider","Theron Mohamed","Morgan Stanley's chairman slams bitcoin as speculative and volatile – and expects the US to dodge a recession","https://markets.businessinsider.com/news/currencies/morgan-stanley-gorman-bitcoin-crypto-banking-crisis-recession-rate-cuts-2024-1","https://i.insider.com/659689aaec62ab5daf8086dd?width=1200&format=jpeg","2024-01-04T11:28:57Z
Business Insider","Theron Mohamed","BlackRock CEO Larry Fink warns of stubborn inflation - but expects growth to accelerate this year if interest rates drop","https://www.businessinsider.com/blackrock-larry-fink-inflation-growth-recession-outlook-fed-rate-cuts-2024-1","https://i.insider.com/652fbc37211def8ed837e42a?width=1200&format=jpeg","2024-01-15T12:14:45Z
Hipertextual","Alberto Martín","Por qué son tan importantes los ETFs de Bitcoin a los que ha dado el visto bueno la SEC","http://hipertextual.com/2024/01/etfs-de-bitcoin","https://imgs.hipertextual.com/wp-content/uploads/2021/09/cardmapr-nl-rDzI7m7sjPE-unsplash-scaled.jpg","2024-01-11T11:00:12Z
Business Insider","Kiera Fields","A lawsuit filed against a bitcoin mine in Texas has shed light on a growing trend: US crypto mines backed by millions of dollars from Chinese investors","https://www.businessinsider.com/bitcoin-mine-texas-lawsuit-links-to-chinese-investors-2023-12","https://i.insider.com/658acb99ec62ab5daf7ea6be?width=1200&format=jpeg","2023-12-26T14:46:23Z
Xataka.com","Javier Pastor","EEUU aprueba los ETF de Bitcoin. Cuando ocurrió con el oro"," el metal acabó cuadruplicando su valor","https://www.xataka.com/criptomonedas/eeuu-aprueba-etf-bitcoin-cuando-ocurrio-oro-metal-acabo-cuadruplicando-su-valor","https://i.blogs.es/aadeb6/bitcoin1/840_560.jpeg","2024-01-11T09:31:24Z
Slashdot.org","BeauHD","'Stablecoins' Enabled $40 Billion In Crypto Crime Since 2022","https://yro.slashdot.org/story/24/01/18/2112213/stablecoins-enabled-40-billion-in-crypto-crime-since-2022","https://a.fsdn.com/sd/topics/bitcoin_64.png","2024-01-18T22:00:00Z
ABC News","KEN SWEET AP business writer","Regulators set to decide whether to OK new bitcoin fund. What investors need to know","https://abcnews.go.com/US/wireStory/regulators-set-decide-new-bitcoin-fund-investors-106255605","https://i.abcnewsfe.com/a/76e820b5-680b-4fd5-a5ef-51e37b5da0ae/wirestory_76c873b7abb6aac299f6eae101fd38d3_16x9.jpg?w=1600","2024-01-10T15:27:53Z
heise online","Daniel AJ Sokolov","Betrugsfalle gefundene Bitcoin","https://www.heise.de/news/Betrugsfalle-gefundene-Bitcoin-9600837.html","https://heise.cloudimg.io/bound/1200x1200/q85.png-lossy-85.webp-lossy-85.foil1/_www-heise-de_/imgs/18/4/5/2/7/8/1/7/Betrug_Bitcoin-c37985164dac133e.jpg","2024-01-17T23:01:00Z
heise online","Martin Holland","Ein Bitcoin erstmals seit April 2022 wieder über 45.000 US-Dollar wert","https://www.heise.de/news/Ein-Bitcoin-erstmals-seit-April-2022-wieder-ueber-45-000-US-Dollar-wert-9584862.html","https://heise.cloudimg.io/bound/1200x1200/q85.png-lossy-85.webp-lossy-85.foil1/_www-heise-de_/imgs/18/4/5/1/9/4/6/3/shutterstock_1888907947-54ebd2bafa9434e9.jpg","2024-01-02T09:08:00Z
Xataka.com","Enrique Pérez","Qué son los ETF de Bitcoin y por qué la decisión de la SEC sobre su aprobación es tan esperada","https://www.xataka.com/criptomonedas/que-etf-bitcoin-que-su-aprobacion-sec-decision-esperada","https://i.blogs.es/962ba7/etf-bitcoin/840_560.jpeg","2024-01-09T22:29:15Z
heise online","Martin Holland","Erster Bitcoin-Fonds in den USA sammelt über eine Milliarde US-Dollar ein","https://www.heise.de/news/Erster-Bitcoin-Fonds-in-den-USA-sammelt-ueber-eine-Milliarde-US-Dollar-ein-9602117.html","https://heise.cloudimg.io/bound/1200x1200/q85.png-lossy-85.webp-lossy-85.foil1/_www-heise-de_/imgs/18/4/5/2/8/4/7/9/shutterstock_1916262404-b7c59be85e1ebe55.jpg","2024-01-19T07:04:00Z
Xataka.com","Enrique Pérez","El creador de Bitcoin desapareció hace 13 años. Ahora su cuenta acaba de recibir una transferencia millonaria","https://www.xataka.com/criptomonedas/creador-bitcoin-desaparecio-hace-13-anos-ahora-su-cuenta-acaba-recibir-transferencia-millonaria","https://i.blogs.es/2b459f/satoshi_nakamoto/840_560.jpeg","2024-01-08T17:01:07Z
Medium","CoinPost Global","Bitcoin Is Crucial Climate Tech (BTP Ep. 1 Recap)","https://medium.com/@coinpost.gb/bitcoin-is-crucial-climate-tech-btp-ep-1-recap-854d3ebbe573","https://miro.medium.com/v2/resize:fit:640/0*3WEqMiNG3I0IfnHC.png","2024-01-02T06:44:47Z
MarketWatch","Chris Matthews"," Barbara Kollmeyer","Bitcoin’s price slumps as analysts weigh chances that ‘wild card’ Gensler spikes spot ETF","https://www.marketwatch.com/story/bitcoins-price-slumps-as-analysts-weigh-chances-that-wild-card-gensler-spikes-spot-etf-1b13c26f","https://images.mktw.net/im-96310580/social","2024-01-03T18:19:00Z
heise online","Daniel AJ Sokolov","Jetzt geht’s los: SEC genehmigt Bitcoin-Fonds","https://www.heise.de/news/Jetzt-geht-s-los-SEC-genehmigt-Bitcoin-Fonds-9593793.html","https://heise.cloudimg.io/bound/1200x1200/q85.png-lossy-85.webp-lossy-85.foil1/_www-heise-de_/imgs/18/4/5/2/4/2/0/4/shutterstock_1937129161-91f75b37827ffe38.jpg","2024-01-11T03:31:00Z
Themarginalian.org","Maria Popova","Of Wonder"," the Courage of Uncertainty"," and How to Hear Your Soul: The Best of The Marginalian 2023","https://www.themarginalian.org/2023/12/28/best-of-2023/","https://www.themarginalian.org/wp-content/uploads/2023/05/margaretcook_leavesofgrass_attention.jpg?fit=1200%2C630&ssl=1","2023-12-28T18:05:03Z
heise online","Daniel AJ Sokolov","Falschmeldung auf Twitter: SEC genehmigt doch keine Bitcoin-Fonds","https://www.heise.de/news/Falschmeldung-auf-Twitter-SEC-genehmigt-doch-keine-Bitcoin-Fonds-9592489.html","https://heise.cloudimg.io/bound/1200x1200/q85.png-lossy-85.webp-lossy-85.foil1/_www-heise-de_/imgs/18/4/5/2/3/5/1/4/shutterstock_1976944238-5e18b8fbf881e81c.jpg","2024-01-10T00:36:00Z
Bitcoinsistemi.com","Mete Demiralp","SEC's X Account Hacked"," Bitcoin Spot ETFs Not yet Approved","https://en.bitcoinsistemi.com/breaking-gary-gensler-says-secs-x-account-hacked-bitcoin-spot-etfs-not-yet-approved/","https://www.bitcoinsistemi.com/wp-content/uploads/2022/05/sec-kripto-para-gary-gensler.jpg","2024-01-09T21:40:06Z
MarketWatch","Frances Yue","Jamie Dimon still sees no value in bitcoin after ETFs debut: ‘please stop talking about this s___’","https://www.marketwatch.com/story/jamie-dimon-still-sees-no-value-in-bitcoin-after-etfs-debut-please-stop-talking-about-this-s-949b7c54","https://images.mktw.net/im-05670152/social","2024-01-17T16:39:00Z
MarketWatch","Frances Yue","Why the debut of Bitcoin ETFs may not be the best news for crypto stocks"," futures ETFs","https://www.marketwatch.com/story/why-the-debut-of-bitcoin-etfs-may-not-be-the-best-news-for-crypto-stocks-futures-etfs-cfa8e423","https://images.mktw.net/im-274111/social","2024-01-11T18:27:00Z
Gigazine.net","@GIGAZINE","米国証券�?�引委員会�?�Xアカウントを乗�?��?�られ「ビットコインETF�?�上場を�?�?る�?�?�投稿�?�る事態�?�発生＆投稿直後�?�ビットコイン�?�価格�?�急上昇","https://gigazine.net/news/20240110-sec-x-hacked-bitcoin-fake/","https://i.gzn.jp/img/2024/01/10/sec-x-hacked-bitcoin-fake/00.png","2024-01-10T05:00:00Z
Genbeta.com","Bárbara Bécares","La cartera del creador de Bitcoin recibe más de un millón de euros... tras 13 años que lleva desaparecido","https://www.genbeta.com/actualidad/cartera-creador-bitcoin-recibe-millon-euros-13-anos-que-lleva-desaparecido","https://i.blogs.es/ef9cfb/traxer-k9ibeseiq04-unsplash/840_560.jpeg","2024-01-08T11:56:57Z
Ars Technica","Kyle Orland","Final reminder: Donate to win swag in our annual Charity Drive sweepstakes","https://arstechnica.com/gaming/2024/01/final-reminder-donate-to-win-swag-in-our-annual-charity-drive-sweepstakes-3/","https://cdn.arstechnica.net/wp-content/uploads/2023/11/charity2023-760x380.jpg","2024-01-02T15:52:21Z
MarketWatch","Myra P. Saefong","Why the launch of bitcoin ETFs threatens the market for gold","https://www.marketwatch.com/story/why-the-launch-of-bitcoin-etfs-threatens-the-market-for-gold-3984dad2","https://images.mktw.net/im-31352944/social","2024-01-12T21:14:00Z
MarketWatch","William Watts","Bitcoin is a ‘public good","’ says ARK’s Cathie Wood as spot ETF debuts","https://www.marketwatch.com/story/bitcoin-is-a-public-good-says-arks-cathie-wood-as-spot-etf-debuts-34ce0a17","https://images.mktw.net/im-851982/social","2024-01-11T17:53:00Z
Hubspot.com","Cyan Zhong","7 Expert & Data-Backed Trend Predictions for 2024","https://blog.hubspot.com/marketing/7-data-backed-trend-predictions-for-2024#article","https://blog.hubspot.com/hubfs/Copy%20of%20Featured%20Image%20Template%20Backgrounds-Dec-19-2023-08-34-34-9450-PM.png#keepProtocol","2023-12-20T02:00:00Z
heise online","Stefan Krempl","EU-Gremien einig: Anonyme Barzahlungen nur noch bis 2999 Euro","https://www.heise.de/news/EU-Gremien-einig-Anonyme-Barzahlungen-nur-noch-bis-2999-Euro-9601949.html","https://heise.cloudimg.io/bound/1200x1200/q85.png-lossy-85.webp-lossy-85.foil1/_www-heise-de_/imgs/18/4/5/2/8/3/9/0/shutterstock_1840858240-a44aee88534cfc6b.jpg","2024-01-18T19:20:00Z
MarketWatch","Frances Yue","Bitcoin in spotlight as SEC approves new ETFs"," ether rallies. Here’s why.","https://www.marketwatch.com/story/bitcoin-in-spotlight-as-sec-approves-new-etfs-ether-rallies-heres-why-5d556f73","https://images.mktw.net/im-783732/social","2024-01-10T22:38:00Z
MarketWatch","Tomi Kilgore","Don’t assume Coinbase’s stock will benefit from the bitcoin ETF"," analysts say","https://www.marketwatch.com/story/dont-assume-coinbases-stock-will-benefit-from-the-bitcoin-etf-analysts-say-3f2bf831","https://images.mktw.net/im-39716779/social","2024-01-11T15:01:00Z
MarketWatch","Chris Matthews"," Frances Yue","SEC approves spot bitcoin ETFs for trade starting Thursday","https://www.marketwatch.com/story/sec-approves-spot-bitcoin-etfs-for-trade-starting-thursday-a6e1417b","https://images.mktw.net/im-05635701/social","2024-01-10T21:38:00Z
MarketWatch","Frances Yue","Cathie Wood dumps Grayscale and buys bitcoin-futures ETF. Here’s why.","https://www.marketwatch.com/story/cathie-wood-dumps-grayscale-and-buys-bitcoin-futures-etf-heres-why-1068969b","https://images.mktw.net/im-17572622/social","2023-12-28T17:55:00Z
MarketWatch","Frances Yue","Bitcoin ETFs are live. Watch for the next most popular crypto to go same route","https://www.marketwatch.com/story/bitcoin-etfs-are-live-watch-for-the-next-most-popular-crypto-to-go-same-route-eb80e963","https://images.mktw.net/im-631218/social","2024-01-12T20:45:00Z
MarketWatch","Chris Matthews","Bitcoin ETF: Here are the 10 funds set to debut after SEC decision","https://www.marketwatch.com/story/bitcoin-etf-here-are-the-10-funds-set-to-debut-after-sec-decision-12fe591e","https://images.mktw.net/im-96310580/social","2024-01-08T15:15:00Z
MarketWatch","Frances Yue","Why bitcoin may not see a ‘Santa Claus rally’"," despite potential approval of crypto-based ETFs","https://www.marketwatch.com/story/why-bitcoin-may-not-see-a-santa-claus-rally-despite-potential-approval-of-crypto-based-etfs-abf046e4","https://images.mktw.net/im-783732/social","2023-12-27T19:24:00Z
Genbeta.com","Antonio Vallejo","La SEC aprueba los 11 ETF de bitcoin tras meses de espera: qué son los ETF y por qué es tan importante para el mercado","https://www.genbeta.com/actualidad/sec-aprueba-11-etf-bitcoin-meses-espera-que-etf-que-importante-para-mercado","https://i.blogs.es/50a8c2/andre-francois-mckenzie-igyibhdntpe-unsplash/840_560.jpeg","2024-01-11T10:38:38Z
heise online","Frank Schräer","Mittwoch: Jugendschutz bei Facebook & Instagram"," Falschmeldung zu Bitcoin-Fonds","https://www.heise.de/news/Mittwoch-Jugendschutz-bei-Facebook-Instagram-Falschmeldung-zu-Bitcoin-Fonds-9592548.html","https://heise.cloudimg.io/bound/1200x1200/q85.png-lossy-85.webp-lossy-85.foil1/_www-heise-de_/imgs/18/4/5/2/3/5/4/5/mittwoch-e91029bd0463b73c.webp","2024-01-10T05:30:00Z
MarketWatch","Frances Yue","Bitcoin had a nice 2023. Why smaller crypto assets could now see bigger gains.","https://www.marketwatch.com/story/bitcoin-had-a-nice-2023-why-smaller-crypto-assets-could-now-see-bigger-gains-788dcffc","https://images.mktw.net/im-783732/social","2024-01-17T21:11:00Z
Business Insider","George Glover","From the stunning surge of the 'Magnificent 7' stocks to bitcoin's shock rebound"," here are 8 of 2023's wildest markets stories","https://markets.businessinsider.com/news/stocks/craziest-stories-bitcoin-russia-magnificent-seven-recession-bond-market-crash-2023-12","https://i.insider.com/640b89ead81e7e0018be07d0?width=1200&format=jpeg","2023-12-28T11:08:26Z
MarketWatch","Mark Hulbert","Do bitcoin ETFs have a place in retirement portfolios?","https://www.marketwatch.com/story/do-bitcoin-etfs-have-a-place-in-retirement-portfolios-d3ef6683","https://images.mktw.net/im-11686415/social","2024-01-12T19:15:00Z
heise online","Frank Schräer","Donnerstag: Bitcoin-Fonds doch an US-Börsen"," Nordkorea mit gebrauchtem 4G-Netz","https://www.heise.de/news/Donnerstag-Bitcoin-Fonds-doch-an-US-Boersen-Nordkorea-mit-gebrauchtem-4G-Netz-9593821.html","https://heise.cloudimg.io/bound/1200x1200/q85.png-lossy-85.webp-lossy-85.foil1/_www-heise-de_/imgs/18/4/5/2/4/2/1/8/thursday-366874393383ceea.webp","2024-01-11T05:30:00Z
MarketWatch","Christine Idzelis"," Andrew Keshner","‘You want to come out strong’: What investors will be looking for in spot bitcoin ETFs after SEC approval","https://www.marketwatch.com/story/you-want-to-come-out-strong-what-investors-will-be-looking-for-in-spot-bitcoin-etfs-after-sec-approval-f50061fc","https://images.mktw.net/im-70340096/social","2024-01-10T22:22:00Z
heise online","Patrick Bellmer","heise+ | Analyse: Was die neuen Bitcoin-ETFs für deutsche Anleger bedeuten","https://www.heise.de/hintergrund/Analyse-Was-die-neuen-Bitcoin-ETFs-fuer-deutsche-Anleger-bedeuten-9594318.html?wt_mc=rss.red.ho.ho.atom.beitrag_plus.beitrag_plus","https://heise.cloudimg.io/bound/1200x1200/q85.png-lossy-85.webp-lossy-85.foil1/_www-heise-de_/imgs/18/4/5/2/4/4/8/5/shutterstock_709061209-930a4263b1a2f4ce.jpg","2024-01-12T06:30:00Z
heise online","Frank Schräer","Donnerstag: Bitcoins als Wiener Betrugsfalle"," Lieferdrohne für schwerere Lasten","https://www.heise.de/news/Donnerstag-Bitcoins-als-Wiener-Betrugsfalle-Lieferdrohne-fuer-schwerere-Lasten-9600863.html","https://heise.cloudimg.io/bound/1200x1200/q85.png-lossy-85.webp-lossy-85.foil1/_www-heise-de_/imgs/18/4/5/2/7/8/3/0/thursday-9f2f7a71f0f9a263.webp","2024-01-18T05:30:00Z
MarketWatch","Emily Bary","Why Marathon Digital’s stock screams ‘buy","’ according to this new bull","https://www.marketwatch.com/story/why-marathon-digitals-stock-screams-buy-according-to-this-new-bull-61e1bbd1","https://images.mktw.net/im-809463/social","2024-01-17T15:07:00Z
Hubspot.com","Daniel Doan","Weird Words in English: 100+ Terms You Need to Know from 2023 and Beyond","https://blog.hubspot.com/marketing/weirdest-words-added-to-oxford-english-dictionary-2014#article","https://blog.hubspot.com/hubfs/weirdest-words-added-to-oxford-english-dictionary-2014_1-1.jpg#keepProtocol","2024-01-03T12:00:00Z
MarketWatch","Frances Yue","Bitcoin ETFs finally approved after a chaotic"," ‘embarrassing’ 24 hours for SEC","https://www.marketwatch.com/story/bitcoin-etfs-finally-approved-after-a-chaotic-embarrassing-24-hours-for-sec-e42233d5","https://images.mktw.net/im-96310580/social","2024-01-11T00:17:00Z
Golem.de","Andreas Donath","Warten auf ETF-Entscheidung: Bitcoin steigt über 45.000 US-Dollar","https://www.golem.de/sonstiges/zustimmung/auswahl.html?from=https%3A%2F%2Fwww.golem.de%2Fnews%2Fwarten-auf-etf-entscheidung-bitcoin-steigt-ueber-45-000-us-dollar-2401-180753.html&referer=https%3A%2F%2Ft.co%2F9027dfe37c","","2024-01-03T06:58:01Z
Golem.de","Marc Stöckel","X-Konto der SEC gehackt: Angreifer verbreitet Fake-News über Bitcoin-ETF-Zulassung","https://www.golem.de/sonstiges/zustimmung/auswahl.html?from=https%3A%2F%2Fwww.golem.de%2Fnews%2Fx-konto-der-sec-gehackt-angreifer-verbreitet-fake-news-ueber-bitcoin-etf-zulassung-2401-181012.html&referer=https%3A%2F%2Ft.co%2F0917c7d539","","2024-01-10T08:14:01Z
heise online","Sylvester Tremmel"," Christian Wölbert","heise+ | Interview: Molly White über die Zukunft der Blockchain-Branche","https://www.heise.de/hintergrund/Interview-Molly-White-ueber-die-Zukunft-der-Blockchain-Branche-9574922.html?wt_mc=rss.red.ho.ho.atom.beitrag_plus.beitrag_plus","https://heise.cloudimg.io/bound/1200x1200/q85.png-lossy-85.webp-lossy-85.foil1/_www-heise-de_/imgs/18/4/5/1/4/1/9/2/52475752482_412ec9a1ca_o-56323d397fb76a0a.jpg","2024-01-04T16:30:00Z
Die Zeit","ZEIT ONLINE: Geld - Ijoma Mangold","Bitcoin-ETF: Der Bitcoin trägt jetzt Nadelstreifen und Krawatte","https://www.zeit.de/geld/2024-01/bitcoin-etf-kryptowaehrung-geldanlage","https://img.zeit.de/geld/2024-01/bitcoin-etf-kryptowaehrung/wide__1300x731","2024-01-06T10:12:48Z
MarketWatch","Christine Idzelis","Crypto hedge funds soared in 2023"," dwarfing broader industry’s gains as macro slipped","https://www.marketwatch.com/story/crypto-hedge-funds-soared-in-2023-dwarfing-broader-industrys-gains-as-macro-slipped-d9a4e039","https://images.mktw.net/im-264587/social","2024-01-09T20:40:00Z
MarketWatch","Bill Peters","SEC weighing ‘additional measures’ after hacked post on bitcoin ETF approval","https://www.marketwatch.com/story/sec-weighing-additional-measures-after-hacked-post-on-bitcoin-etf-approval-d983921b","https://images.mktw.net/im-685532/social","2024-01-13T02:04:00Z
ABC News","Aaron Katersky","Opening statements in trial of NYC woman charged with financing terrorist groups","https://abcnews.go.com/US/opening-statements-trial-woman-charged-financing-terrorist-groups/story?id=106389259","https://i.abcnewsfe.com/a/30b7cd0d-cf8a-4860-a7ca-20ed08da16cf/cryptocurrency-gty-lv-240115_1705354677307_hpMain_16x9.jpg?w=1600","2024-01-15T22:24:21Z
Journal du geek","Olivier","Le bitcoin fait son entrée à Wall Street","https://www.journaldugeek.com/2024/01/13/le-bitcoin-fait-son-entree-a-wall-street/","https://www.journaldugeek.com/app/uploads/2024/01/bitcoin.jpg","2024-01-13T10:00:56Z
Theregister.com","Chris Williams","SEC Twitter hijacked to push fake news of hotly anticipated Bitcoin ETF approval","https://www.theregister.com/2024/01/09/sec_bitcoin_etf_hacked/","https://regmedia.co.uk/2021/01/15/shutterstock_bitcoin.jpg","2024-01-09T21:48:07Z
heise online","Nils Jacobsen","Ausblick: Was bringt das Tech-Jahr 2024 für Apple"," KI"," Bitcoin & Co.?​","https://www.heise.de/meinung/Ausblick-Was-bringt-das-Tech-Jahr-2024-fuer-Apple-KI-Bitcoin-Co-9583439.html?wt_mc=rss.red.ho.ho.atom.beitrag.beitrag","https://heise.cloudimg.io/bound/1200x1200/q85.png-lossy-85.webp-lossy-85.foil1/_www-heise-de_/imgs/18/4/5/1/8/7/1/4/shutterstock_1818921524-a01f07a7c31a688a.jpg","2023-12-28T10:45:00Z
ReadWrite","Graeme Hanna","Tether: UN issues warning over crypto token","https://readwrite.com/tether-un-issues-warning-over-crypto-token/","https://readwrite.com/wp-content/uploads/2024/01/pexels-rdne-stock-project-8370752-scaled.jpg","2024-01-15T13:35:26Z
ReadWrite","Brian-Damien Morgan","Spanish cyberattack: ransom of €10million demanded by hackers","https://readwrite.com/spanish-cyber-attack-ransom-of-e10million-demanded-by-hackers/","https://readwrite.com/wp-content/uploads/2024/01/pexels-pixabay-54097-scaled.jpg","2024-01-16T20:07:12Z
Theregister.com","Chris Williams","SEC Twitter hijacked to push fake news of ETF approval","https://www.theregister.com/2024/01/09/btc_sec/","https://regmedia.co.uk/2021/01/15/shutterstock_bitcoin.jpg","2024-01-09T21:48:07Z
Microsiervos.com","alvy@microsiervos.com (Alvy)","Aprobados los primeros ETF de Bitcoin"," toda una validación para el mercado de la primera y más reconocible criptodivisa","https://www.microsiervos.com/archivo/economia/aprobados-etf-bitcoin-validacion-mercado-primera-criptodivisa.html","https://img.microsiervos.com/images2024/bitcoin-ETF.webp","2024-01-11T00:36:36Z
New Scientist","Matthew Sparkes","Should nations try to ban bitcoin because of its environmental impact?","https://www.newscientist.com/article/2410610-should-nations-try-to-ban-bitcoin-because-of-its-environmental-impact/","https://images.newscientist.com/wp-content/uploads/2024/01/08142517/SEI_186039594.jpg","2024-01-08T17:49:01Z
Business Insider","Dan DeFrancesco","The unsealed documents related to Jeffrey Epstein weren't full of bombshells"," but some new details emerged","https://www.businessinsider.com/news-today-january-4-jeffrey-epstein-unsealed-documents-2024-1","https://i.insider.com/65969d036979d73718204b17?width=1200&format=jpeg","2024-01-04T14:38:52Z
Business Insider","Dan DeFrancesco","The state of Wall Street's drug culture","https://www.businessinsider.com/news-today-january-19-wall-street-drug-culture-2024-1","https://i.insider.com/647a453040bf000019fa15d4?width=1200&format=jpeg","2024-01-19T14:26:03Z
Gizmodo.jp","�?�もり","月�?��?�陸を断念�?��?�「ペレグリン�?�?一体�?��?��?��?�?�れ�?��?��?��?�？","https://www.gizmodo.jp/2024/01/astrobotic-peregrine-moon-payloads-time-capsule-bitcoin.html","https://media.loom-app.com/gizmodo/dist/images/2024/01/07/240107Peregrine.jpg?w=1280&h=630&f=jpg","2024-01-18T14:00:00Z
Business Insider","Dan DeFrancesco","Wall Street's rocky start","https://www.businessinsider.com/wall-street-rocky-start-and-shaky-job-landscape-2024-1","https://i.insider.com/6582df4c1c5c7b8c9a0a2d4a?width=1200&format=jpeg","2024-01-16T16:18:05Z
9to5Mac","Ben Lovejoy","PSA: Warn your non-techy friends about fake AppleCoin ads","https://9to5mac.com/2024/01/16/fake-applecoin-ads/","https://i0.wp.com/9to5mac.com/wp-content/uploads/sites/6/2024/01/Fake-AppleCoin-ads.jpg?resize=1200%2C628&quality=82&strip=all&ssl=1","2024-01-16T12:39:32Z
Hipertextual","Juan Carlos Figueroa","Terroristas"," estafadores y pedófilos siguen recaudando miles de millones de dólares al año en criptomonedas","http://hipertextual.com/2024/01/terroristas-pedofilos-estafadores-fortuna-criptomonedas","https://imgs.hipertextual.com/wp-content/uploads/2023/07/surtido-minimalista-bodegones-criptomonedas.jpg","2024-01-18T19:46:58Z
heise online","Stefan Krempl","Darknet: Polizei hebt ","Kingdom Market"," aus","https://www.heise.de/news/Darknet-Polizei-hebt-Kingdom-Market-aus-9579808.html","https://heise.cloudimg.io/bound/1200x1200/q85.png-lossy-85.webp-lossy-85.foil1/_www-heise-de_/imgs/18/4/5/1/6/7/9/8/bka-6ed59eff942f6cc1.jpg","2023-12-20T16:06:00Z
Genbeta.com","Bárbara Bécares","El impago a contratistas en Texas tira por tierra el anonimato de Bitcoin y destapa una trama millonaria de inversores chinos","https://www.genbeta.com/actualidad/impago-a-contratistas-texas-tira-tierra-anonimato-bitcoin-destapa-trama-millonaria-inversores-chinos","https://i.blogs.es/2192ec/ewan-kennedy-mkdbteclpzc-unsplash/840_560.jpeg","2023-12-26T11:35:37Z
Die Zeit","ZEIT ONLINE: Geldanlage - Heike Buchter","Bitcoin-ETFs: Das Risiko trägt die Allgemeinheit","https://www.zeit.de/wirtschaft/geldanlage/2024-01/bitcoin-etf-risiko-finanzsystem-us-boersenaufsicht-sec","https://img.zeit.de/wirtschaft/geldanlage/2024-01/sec-us-boersenaufsicht/wide__1300x731","2024-01-11T04:28:22Z
Die Zeit","ZEIT ONLINE: News -","Währung: US-Börsenaufsicht genehmigt Bitcoin-Fonds","https://www.zeit.de/news/2024-01/11/us-boersenaufsicht-genehmigt-bitcoin-fonds","https://img.zeit.de/news/2024-01/11/us-boersenaufsicht-genehmigt-bitcoin-fonds-image-group/wide__1300x731","2024-01-11T02:33:24Z
Die Zeit","ZEIT ONLINE: Geld - Marlena Wessollek"," Mathias Peer","Kryptowährung: US-Börsenaufsicht verwirrt mit Bitcoin-Falschmeldung","https://www.zeit.de/digital/2024-01/kryptobranche-bitcoin-sec","https://img.zeit.de/digital/2024-01/kryptobranche-bitcoin-sec-2/wide__1300x731","2024-01-09T23:50:00Z
Slashdot.org","BeauHD","CEO of Collapsed Crypto Fund HyperVerse Does Not Appear To Exist","https://slashdot.org/story/24/01/03/2218208/ceo-of-collapsed-crypto-fund-hyperverse-does-not-appear-to-exist","https://a.fsdn.com/sd/topics/bitcoin_64.png","2024-01-03T23:50:00Z
MarketWatch","Emily Bary","USDC issuer Circle files for IPO amid hot crypto market","https://www.marketwatch.com/story/usdc-issuer-circle-files-for-ipo-amid-hot-crypto-market-dcec7016","https://images.mktw.net/im-07933837/social","2024-01-11T20:17:00Z
Die Zeit","ZEIT ONLINE: News -","Digitalwährung : Bitcoin erstmals seit April 2022 über 45.000 US-Dollar","https://www.zeit.de/news/2024-01/02/bitcoin-erstmals-seit-april-2022-ueber-45-000-us-dollar","https://img.zeit.de/news/2024-01/02/bitcoin-erstmals-seit-april-2022-ueber-45-000-us-dollar-image-group/wide__1300x731","2024-01-02T07:13:04Z
heise online","Frank Schräer","Freitag: Hyperloop-Hype wohl zu Ende"," Lapsus$-Täter in Psychiatrie statt in Haft","https://www.heise.de/news/Freitag-Hyperloop-Hype-wohl-zu-Ende-Lapsus-Taeter-in-Psychiatrie-statt-Haft-9581055.html","https://heise.cloudimg.io/bound/1200x1200/q85.png-lossy-85.webp-lossy-85.foil1/_www-heise-de_/imgs/18/4/5/1/7/4/6/5/friday-8811913955340084.webp","2023-12-22T05:30:00Z
Die Zeit","ZEIT ONLINE: Geldanlage - Eric Voigt","Kryptowährung: Bitcoin verliert innerhalb eines Tages mehr als neun Prozent an Wert","https://www.zeit.de/wirtschaft/geldanlage/2024-01/bitcoin-kryptowaehrung-geldanlage","https://img.zeit.de/wirtschaft/geldanlage/2024-01/bitcoin-kryptowaehrung-geldanlage-bild/wide__1300x731","2024-01-03T14:23:45Z
Die Zeit","ZEIT ONLINE: News -","Digitalwährung: Bitcoin verliert deutlich: Jüngste Gewinne sind weg","https://www.zeit.de/news/2024-01/03/bitcoin-verliert-deutlich-juengste-gewinne-sind-weg","https://img.zeit.de/news/2024-01/03/bitcoin-verliert-deutlich-juengste-gewinne-sind-weg-image-group/wide__1300x731","2024-01-03T13:38:37Z
Die Zeit","ZEIT ONLINE: News -","Kryptowährung: Bitcoin fällt - Freude über US-Zulassung für Fonds verpufft","https://www.zeit.de/news/2024-01/19/bitcoin-faellt-freude-ueber-us-zulassung-fuer-fonds-verpufft","https://img.zeit.de/news/2024-01/19/bitcoin-faellt-freude-ueber-us-zulassung-fuer-fonds-verpufft-image-group/wide__1300x731","2024-01-19T09:57:00Z
MarketWatch","Cody Willard","10 predictions for stocks"," crypto"," AI"," gold and bonds in 2024","https://www.marketwatch.com/story/10-predictions-for-stocks-crypto-ai-gold-and-bonds-in-2024-b4820631","https://images.mktw.net/im-94893836/social","2024-01-10T00:19:00Z
Faz.net","dpa/mj.","Bitcoin fällt nach Genehmigungs-Verwirrung tiefer","https://www.faz.net/aktuell/finanzen/bitcoin-kurs-der-kryptowaehrung-faellt-nach-genehmigungs-verwirrung-19437593.html","https://media1.faz.net/ppmedia/aktuell/feuilleton/2764071983/1.9437595/facebook_teaser/seit-tagen-wird-ueber-eine.jpg","2024-01-10T06:25:55Z
"
